﻿{
  "WatchFace_Info": {
    "DeviceName": "Active",
    "WatchFaceId": 202325,
    "Preview": "0"
  },
  "ScreenNormal": {
    "Background": {
      "visible": true,
      "BackgroundImage": {
        "position": -1,
        "visible": true,
        "show_level": "ONLY_NORMAL",
        "x": 0,
        "y": 0,
        "w": 390,
        "h": 450,
        "src": "1d"
      }
    },
    "Elements": [
      {
        "elementName": "ElementDistance",
        "visible": true,
        "Number": {
          "position": 1,
          "visible": true,
          "align": "CENTER_H",
          "show_level": "",
          "imageX": 79,
          "imageY": 415,
          "space": 6,
          "zero": false,
          "img_First": "52",
          "unit": "km",
          "iconPosX": 0,
          "iconPosY": 0,
          "dot_image": "dot",
          "angle": 0,
          "follow": false,
          "unit_in_alignment": false
        }
      },
      {
        "elementName": "ElementStress",
        "visible": true,
        "Segments": {
          "position": 1,
          "visible": true,
          "show_level": "",
          "X": [
            180,
            180,
            180,
            180,
            180,
            180,
            180,
            180,
            180,
            180
          ],
          "Y": [
            345,
            345,
            345,
            345,
            345,
            345,
            345,
            345,
            345,
            345
          ],
          "img_First": "rm01",
          "image_length": 10
        }
      },
      {
        "elementName": "ElementMoon",
        "visible": true,
        "Images": {
          "position": 1,
          "visible": true,
          "shortcut": false,
          "show_level": "",
          "X": 176,
          "Y": 1,
          "img_First": "moon_01",
          "image_length": 28
        }
      },
      {
        "elementName": "ElementSpO2",
        "visible": true,
        "Number": {
          "position": 1,
          "visible": true,
          "align": "CENTER_H",
          "show_level": "",
          "imageX": 242,
          "imageY": 337,
          "space": 5,
          "zero": false,
          "img_First": "84",
          "icon": "blood",
          "iconPosX": 343,
          "iconPosY": 317,
          "angle": 0,
          "follow": false,
          "unit_in_alignment": false
        }
      },
      {
        "elementName": "ElementHeart",
        "visible": true,
        "Segments": {
          "position": 3,
          "visible": true,
          "show_level": "",
          "X": [
            2,
            2,
            2,
            2,
            2,
            2
          ],
          "Y": [
            326,
            326,
            326,
            326,
            326,
            326
          ],
          "img_First": "heart",
          "image_length": 6
        },
        "Number": {
          "position": 2,
          "visible": true,
          "align": "CENTER_H",
          "show_level": "",
          "imageX": 64,
          "imageY": 337,
          "space": 5,
          "zero": false,
          "img_First": "84",
          "iconPosX": 0,
          "iconPosY": 0,
          "invalid_image": "nd",
          "angle": 0,
          "follow": false,
          "unit_in_alignment": false
        },
        "Icon": {
          "position": 1,
          "visible": true,
          "show_level": "",
          "x": 2,
          "y": 326,
          "src": "col-hrt"
        }
      },
      {
        "elementName": "DateMonth",
        "visible": true,
        "Images": {
          "position": 1,
          "visible": true,
          "shortcut": false,
          "show_level": "ONLY_NORMAL",
          "X": 258,
          "Y": 128,
          "img_First": "m01",
          "image_length": 0,
          "type": "MONTH"
        }
      },
      {
        "elementName": "DigitalTime",
        "visible": true,
        "Minute": {
          "position": 2,
          "visible": true,
          "align": "CENTER_H",
          "show_level": "ONLY_NORMAL",
          "imageX": 223,
          "imageY": 201,
          "space": 12,
          "zero": true,
          "img_First": "2",
          "iconPosX": 0,
          "iconPosY": 0,
          "angle": 0,
          "follow": false,
          "unit_in_alignment": false
        },
        "Hour": {
          "position": 1,
          "visible": true,
          "align": "CENTER_H",
          "show_level": "ONLY_NORMAL",
          "imageX": 1,
          "imageY": 201,
          "space": 12,
          "zero": true,
          "img_First": "2",
          "icon": "22",
          "iconPosX": 190,
          "iconPosY": 172,
          "angle": 0,
          "follow": false,
          "unit_in_alignment": false
        }
      },
      {
        "elementName": "ElementAnimation",
        "visible": true,
        "Frame_Animation_List": {
          "position": 1,
          "selected_animation": 0,
          "visible": true,
          "Frame_Animation": [
            {
              "visible": true,
              "show_level": "",
              "x": 190,
              "y": 172,
              "anim_src": "'anim_time'_0",
              "anim_prefix": "'anim_time'",
              "anim_fps": 1,
              "anim_repeat": true,
              "preview_frame": 1,
              "anim_size": 3
            },
            {
              "visible": true,
              "show_level": "",
              "x": 2,
              "y": 326,
              "anim_src": "'anim_hrt'_0",
              "anim_prefix": "'anim_hrt'",
              "anim_fps": 15,
              "anim_repeat": true,
              "preview_frame": 1,
              "anim_size": 3
            },
            {
              "visible": true,
              "show_level": "",
              "x": 2,
              "y": 326,
              "anim_src": "'anim_hrt_bw'_0",
              "anim_prefix": "'anim_hrt_bw'",
              "anim_fps": 15,
              "anim_repeat": true,
              "preview_frame": 1,
              "anim_size": 3
            }
          ]
        }
      },
      {
        "elementName": "ElementPAI",
        "visible": true,
        "Number": {
          "position": 2,
          "visible": true,
          "align": "CENTER_H",
          "show_level": "",
          "imageX": 238,
          "imageY": 337,
          "space": 0,
          "zero": false,
          "img_First": "84",
          "iconPosX": 0,
          "iconPosY": 0,
          "angle": 0,
          "follow": false,
          "unit_in_alignment": false
        },
        "Icon": {
          "position": 1,
          "visible": true,
          "show_level": "",
          "x": 330,
          "y": 324,
          "src": "pai"
        }
      },
      {
        "elementName": "ElementCalories",
        "visible": true,
        "Number": {
          "position": 2,
          "visible": true,
          "align": "CENTER_H",
          "show_level": "",
          "imageX": 218,
          "imageY": 337,
          "space": 5,
          "zero": false,
          "img_First": "84",
          "iconPosX": 0,
          "iconPosY": 0,
          "angle": 0,
          "follow": false,
          "unit_in_alignment": false
        },
        "Icon": {
          "position": 1,
          "visible": true,
          "show_level": "",
          "x": 340,
          "y": 321,
          "src": "calories"
        }
      },
      {
        "elementName": "ElementAltimeter",
        "visible": true,
        "Number": {
          "position": 2,
          "visible": true,
          "align": "CENTER_H",
          "show_level": "",
          "imageX": 220,
          "imageY": 337,
          "space": 5,
          "zero": false,
          "img_First": "84",
          "iconPosX": 0,
          "iconPosY": 0,
          "angle": 0,
          "follow": false,
          "unit_in_alignment": false
        },
        "Icon": {
          "position": 1,
          "visible": true,
          "show_level": "",
          "x": 343,
          "y": 321,
          "src": "barometer"
        }
      },
      {
        "elementName": "ElementStatuses",
        "visible": true,
        "Alarm": {
          "position": 2,
          "visible": true,
          "show_level": "ONLY_NORMAL",
          "x": 85,
          "y": 20,
          "src": "alarm",
          "type": "Alarm"
        },
        "Bluetooth": {
          "position": 1,
          "visible": true,
          "show_level": "ONLY_NORMAL",
          "x": 26,
          "y": 16,
          "src": "23",
          "type": "Bluetooth"
        }
      },
      {
        "elementName": "ElementSunrise",
        "visible": true,
        "Pointer": {
          "position": 1,
          "visible": true,
          "show_level": "",
          "src": "sun",
          "center_x": 195,
          "center_y": 372,
          "pos_x": 232,
          "pos_y": 231,
          "start_angle": 19,
          "end_angle": 71,
          "cover_x": 0,
          "cover_y": 0,
          "scale_x": 0,
          "scale_y": 0
        }
      },
      {
        "elementName": "DateDay",
        "visible": true,
        "Number": {
          "position": 1,
          "visible": true,
          "align": "CENTER_H",
          "show_level": "ONLY_NORMAL",
          "imageX": 155,
          "imageY": 117,
          "space": 3,
          "zero": false,
          "img_First": "12",
          "iconPosX": 0,
          "iconPosY": 0,
          "angle": 0,
          "follow": false,
          "unit_in_alignment": false,
          "type": "DAY"
        }
      },
      {
        "elementName": "DateWeek",
        "visible": true,
        "Images": {
          "position": 1,
          "visible": true,
          "shortcut": false,
          "show_level": "ONLY_NORMAL",
          "X": 32,
          "Y": 117,
          "img_First": "w1",
          "image_length": 0
        }
      },
      {
        "elementName": "ElementSteps",
        "visible": true,
        "Number": {
          "position": 1,
          "visible": true,
          "align": "CENTER_H",
          "show_level": "",
          "imageX": 108,
          "imageY": 415,
          "space": 6,
          "zero": false,
          "img_First": "52",
          "iconPosX": 0,
          "iconPosY": 0,
          "angle": 0,
          "follow": false,
          "unit_in_alignment": false
        }
      },
      {
        "elementName": "ElementBattery",
        "visible": true,
        "Number": {
          "position": 1,
          "visible": true,
          "align": "CENTER_H",
          "show_level": "",
          "imageX": 296,
          "imageY": 23,
          "space": 0,
          "zero": false,
          "img_First": "btr-00",
          "iconPosX": 0,
          "iconPosY": 0,
          "angle": 0,
          "follow": false,
          "unit_in_alignment": false
        }
      },
      {
        "elementName": "ElementWeather",
        "visible": true,
        "Images": {
          "position": 2,
          "visible": true,
          "shortcut": false,
          "show_level": "",
          "X": 324,
          "Y": 319,
          "img_First": "wtr01",
          "image_length": 29
        },
        "Number": {
          "position": 1,
          "visible": true,
          "align": "CENTER_H",
          "show_level": "",
          "imageX": 225,
          "imageY": 337,
          "space": 3,
          "zero": false,
          "img_First": "84",
          "iconPosX": 0,
          "iconPosY": 0,
          "negative_image": "minus",
          "invalid_image": "nd",
          "angle": 0,
          "follow": false,
          "unit_in_alignment": false
        }
      },
      {
        "elementName": "ElementHumidity",
        "visible": true,
        "Number": {
          "position": 2,
          "visible": true,
          "align": "CENTER_H",
          "show_level": "",
          "imageX": 242,
          "imageY": 337,
          "space": 5,
          "zero": false,
          "img_First": "84",
          "iconPosX": 0,
          "iconPosY": 0,
          "angle": 0,
          "follow": false,
          "unit_in_alignment": false
        },
        "Icon": {
          "position": 1,
          "visible": true,
          "show_level": "",
          "x": 342,
          "y": 317,
          "src": "humidity"
        }
      }
    ]
  },
  "ScreenAOD": {
    "Elements": [
      {
        "elementName": "DigitalTime",
        "visible": true,
        "Minute": {
          "position": 2,
          "visible": true,
          "align": "LEFT",
          "show_level": "ONAL_AOD",
          "imageX": 218,
          "imageY": 157,
          "space": 9,
          "zero": true,
          "img_First": "a-10",
          "iconPosX": 0,
          "iconPosY": 0,
          "angle": 0,
          "follow": false,
          "unit_in_alignment": false
        },
        "Hour": {
          "position": 1,
          "visible": true,
          "align": "LEFT",
          "show_level": "ONAL_AOD",
          "imageX": 19,
          "imageY": 157,
          "space": 9,
          "zero": true,
          "img_First": "a-00",
          "icon": "160",
          "iconPosX": 190,
          "iconPosY": 150,
          "angle": 0,
          "follow": false,
          "unit_in_alignment": false
        }
      }
    ]
  },
  "Shortcuts": {
    "elementName": "ElementShortcuts",
    "visible": true,
    "Step": {
      "position": 8,
      "visible": true,
      "show_level": "ONLY_NORMAL",
      "x": 162,
      "y": 315,
      "w": 65,
      "h": 77,
      "src": "a-zone",
      "type": "STEP"
    },
    "Heart": {
      "position": 5,
      "visible": true,
      "show_level": "ONLY_NORMAL",
      "x": 75,
      "y": 310,
      "w": 84,
      "h": 91,
      "src": "a-zone",
      "type": "HEART"
    },
    "SPO2": {
      "position": 10,
      "visible": true,
      "show_level": "ONLY_NORMAL",
      "x": 230,
      "y": 308,
      "w": 86,
      "h": 90,
      "src": "a-zone",
      "type": "SPO2"
    },
    "Weather": {
      "position": 6,
      "visible": true,
      "show_level": "ONLY_NORMAL",
      "x": 230,
      "y": 308,
      "w": 86,
      "h": 90,
      "src": "a-zone",
      "type": "WEATHER_CURRENT"
    },
    "Altimeter": {
      "position": 7,
      "visible": true,
      "show_level": "ONLY_NORMAL",
      "x": 230,
      "y": 308,
      "w": 86,
      "h": 90,
      "src": "a-zone",
      "type": "ALTIMETER"
    },
    "Sunrise": {
      "position": 4,
      "visible": true,
      "show_level": "ONLY_NORMAL",
      "x": 145,
      "y": 112,
      "w": 100,
      "h": 60,
      "src": "a-zone",
      "type": "SUN_CURRENT"
    },
    "Alarm": {
      "position": 3,
      "visible": true,
      "show_level": "ONLY_NORMAL",
      "x": 9,
      "y": 1,
      "w": 122,
      "h": 100,
      "src": "a-zone",
      "type": "ALARM_CLOCK"
    },
    "Sleep": {
      "position": 9,
      "visible": true,
      "show_level": "ONLY_NORMAL",
      "x": 145,
      "y": 0,
      "w": 100,
      "h": 91,
      "src": "a-zone",
      "type": "SLEEP"
    },
    "Countdown": {
      "position": 2,
      "visible": true,
      "show_level": "ONLY_NORMAL",
      "x": 262,
      "y": 174,
      "w": 128,
      "h": 131,
      "src": "a-zone",
      "type": "COUNT_DOWN"
    },
    "Stopwatch": {
      "position": 1,
      "visible": true,
      "show_level": "ONLY_NORMAL",
      "x": 1,
      "y": 174,
      "w": 129,
      "h": 131,
      "src": "a-zone",
      "type": "STOP_WATCH"
    }
  }
}